Presence of JS,Presence of NS,Presence of external JS,Presence of internal JS,Presence of image,Presence of iframe,Presence of redirects,Presence of links,Number of JS,Number of NS,Number of external JS,Number of internal JS,Number of image,Nuber of iframes,Number of redirects,Number of links,Number of sms API call,Number of tel API call,Number of apk API call,Number of mms API call,Length of URL,Number of forward slash,Number of question marks,Number of dots,Number of hypens,Number of underscore,Number of equal signs,Number of ampersand,Number of semi-colon,Number of digits,World Traffic rank,Country Traffic rank,Output
1,0,0,1,1,0,0,1,14,0,0,14,39,0,0,97,0,0,0,0,14,2,0,1,0,0,0,0,0,0,3802,406,0
1,1,0,1,1,0,0,1,61,2,0,61,71,0,0,275,0,0,0,0,15,2,0,1,0,0,0,0,0,0,79,80,0
1,1,0,1,1,0,0,1,13,2,0,13,9,0,0,107,0,0,0,0,23,2,0,1,0,0,0,0,0,0,1581,1571,0
1,0,0,1,1,0,0,1,20,0,0,20,16,0,0,145,0,0,0,0,22,2,0,1,0,0,0,0,0,0,45,35,0
1,0,0,1,1,0,0,1,6,0,0,6,1,0,0,28,0,0,0,0,22,2,0,2,0,0,0,0,0,0,1,1,0
1,0,0,1,1,0,0,1,6,0,0,6,1,0,0,29,0,0,0,0,20,2,0,2,0,0,0,0,0,0,87,5,0
1,1,0,1,1,1,0,1,38,1,0,38,21,2,0,293,0,0,0,0,15,2,0,1,0,0,0,0,0,0,520,463,0
1,1,0,1,1,0,0,1,8,1,0,8,2,0,0,6,0,0,0,0,14,2,0,1,0,0,0,0,0,0,25,2,0
1,1,0,1,1,0,0,1,5,1,0,5,25,0,0,594,0,0,0,0,24,2,0,2,0,0,0,0,0,0,12,8,0
1,0,0,1,0,1,0,1,34,0,0,34,0,1,0,12,0,0,0,0,16,2,0,1,0,0,0,0,0,0,12086,21143,0
1,1,0,1,0,0,0,1,12,1,0,12,0,0,0,337,0,0,0,0,18,2,0,1,0,0,0,0,0,0,220,137,0
1,1,0,1,0,0,0,1,18,1,0,18,0,0,0,1,0,0,0,0,23,2,0,2,0,0,0,0,0,0,1,1,0
1,0,0,1,1,0,0,1,6,0,0,6,1,0,0,28,0,0,0,0,22,2,0,2,0,0,0,0,0,0,1,1,0
1,0,0,1,1,0,0,1,7,0,0,7,1,0,0,7,0,0,0,0,22,2,0,1,0,0,0,0,0,0,10962,4921,0
1,0,0,1,1,0,0,1,6,0,0,6,1,0,0,29,0,0,0,0,21,2,0,2,0,0,0,0,0,0,73,3,0
1,1,0,1,1,0,0,1,89,4,0,89,22,0,0,185,0,0,0,0,15,2,0,1,0,0,0,0,0,0,55,5,0
1,0,0,1,0,0,0,0,18,0,0,18,0,0,0,0,0,0,0,0,17,2,0,1,0,0,0,0,0,0,163,92,0
1,1,0,1,1,1,0,1,21,1,0,21,21,1,0,108,0,0,0,0,21,2,0,1,0,0,0,0,0,0,23,16,0
1,1,0,1,1,0,0,1,10,1,0,10,13,0,0,145,0,0,0,0,18,2,0,1,0,0,0,0,0,0,33,11,0
1,0,0,1,1,0,0,1,9,0,0,9,1,0,0,7,0,0,0,0,28,2,0,2,0,0,0,0,0,0,1,1,0
1,0,0,1,1,0,0,1,6,0,0,6,1,0,0,29,0,0,0,0,17,2,0,1,0,0,0,0,0,0,85,3,0
1,1,0,1,1,0,0,1,3,1,0,3,2,0,0,3,0,0,0,0,20,2,0,2,0,0,0,0,0,0,57,4,0
1,1,0,1,1,0,0,1,15,1,0,15,13,0,0,65,0,0,0,0,18,2,0,1,0,0,0,0,0,0,117,56,0
1,0,0,1,1,1,0,1,5,0,0,5,7,1,0,105,0,0,0,0,20,2,0,1,0,0,0,0,0,0,67,27,0
1,0,0,1,1,0,0,1,9,0,0,9,2,0,0,36,0,0,0,0,17,2,0,1,0,0,0,0,0,0,639,2365,0
1,1,0,1,1,0,0,1,29,15,0,29,45,0,0,561,0,9,0,0,22,2,0,1,0,0,0,0,0,0,1621,493,0
1,0,0,1,1,0,0,1,19,0,0,19,13,0,0,21,0,0,0,0,18,2,0,1,0,0,0,0,0,0,122,127,0
1,0,0,1,1,0,0,1,1,0,0,1,25,0,0,131,0,0,0,0,14,2,0,1,0,0,0,0,0,1,4156,1529,0
1,0,0,1,1,0,0,1,9,0,0,9,1,0,0,7,0,0,0,0,23,2,0,2,0,0,0,0,0,0,1,1,0
1,1,0,1,1,0,0,1,15,1,0,15,3,0,0,97,0,0,0,0,20,2,0,1,0,0,0,0,0,0,46,17,0
1,1,0,1,1,0,0,1,7,27,0,7,66,0,0,116,0,0,0,0,19,2,0,1,0,0,0,0,0,0,183,260,0
1,0,0,1,1,0,0,1,9,0,0,9,1,0,0,7,0,0,0,0,23,2,0,2,0,0,0,0,0,0,1,1,0
1,1,0,1,1,0,0,1,42,57,0,42,60,0,0,127,0,0,0,0,17,2,0,2,0,0,0,0,0,0,140,6,0
1,1,0,1,1,1,0,1,10,3,0,10,57,1,0,357,0,0,0,0,23,2,0,1,0,0,0,0,0,0,145,107,0
1,0,0,1,1,0,0,1,6,0,0,6,1,0,0,29,0,0,0,0,17,2,0,1,0,0,0,0,0,0,108,3,0
1,1,0,1,1,1,0,1,6,1,0,6,7,1,0,53,0,0,0,0,21,2,0,1,0,0,0,0,0,0,533,183,0
1,0,0,1,1,0,0,1,6,0,0,6,1,0,0,48,0,0,0,0,16,2,0,1,0,0,0,0,0,0,31,14,0
1,0,0,1,1,0,0,1,6,0,0,6,1,0,0,28,0,0,0,0,20,2,0,2,0,0,0,0,0,0,148,5,0
1,1,0,1,1,1,0,1,22,30,0,22,60,2,0,151,0,0,0,0,14,2,0,1,0,0,0,0,0,0,315,66,0
1,0,0,1,1,0,0,1,22,0,0,22,12,0,0,174,0,0,0,0,23,2,0,2,0,0,0,0,0,0,1,1,0
1,1,0,1,1,0,0,1,5,1,0,5,26,0,0,140,0,0,0,0,29,2,0,2,0,0,0,0,0,0,1,1,0
1,1,0,1,1,0,0,1,62,1,0,62,137,0,0,518,0,0,0,0,15,2,0,1,0,0,0,0,0,0,323,113,0
1,0,0,1,1,0,0,1,8,0,0,8,29,0,0,124,0,0,0,0,17,2,0,1,0,0,0,0,0,0,531,195,0
1,1,0,1,1,0,0,1,6,1,0,6,30,0,0,565,0,0,0,0,24,2,0,2,0,0,0,0,0,0,12,8,0
1,0,0,1,1,0,0,1,3,0,0,3,42,0,0,16,0,0,0,0,23,2,0,2,0,0,0,0,0,0,336,95,0
1,1,0,1,1,0,0,1,6,1,0,6,20,0,0,321,0,0,0,0,24,2,0,2,0,0,0,0,0,0,12,8,0
0,0,0,0,0,0,0,1,0,0,0,0,0,0,0,1,0,0,0,0,19,2,0,1,0,0,0,0,0,0,291,243,0
0,0,0,0,0,0,0,0,0,0,0,0,0,0,0,0,0,0,0,0,26,2,0,1,0,0,0,0,0,0,9587,3207,0
1,1,0,1,0,1,0,0,28,1,0,28,0,1,0,0,0,0,0,0,23,2,0,1,0,0,0,0,0,0,250,401,0
1,1,0,1,1,0,0,1,4,2,0,4,31,0,0,363,0,0,0,0,24,2,0,2,0,0,0,0,0,0,12,8,0
1,0,0,1,1,0,0,1,5,0,0,5,25,0,0,25,0,0,0,0,25,2,0,2,0,0,0,0,0,0,1,1,0
1,0,0,1,1,0,0,1,6,0,0,6,1,0,0,29,0,0,0,0,17,2,0,1,0,0,0,0,0,0,118,3,0
1,1,0,1,1,0,0,1,60,1,0,60,22,0,0,207,0,0,0,0,26,2,0,2,0,0,0,0,0,0,1,1,0
1,0,0,1,1,0,0,1,97,0,0,97,12,0,0,97,0,0,0,0,16,2,0,1,0,0,0,0,0,0,71,41,0
1,1,0,1,1,1,0,1,45,2,0,45,42,1,0,319,0,0,0,0,22,2,0,2,0,0,0,0,0,0,572,179,0
1,0,0,1,1,0,0,1,9,0,0,9,11,0,0,143,0,0,0,0,22,2,0,1,0,0,0,0,0,0,161,74,0
1,1,0,1,1,0,0,1,3,1,0,3,23,0,0,114,0,0,0,0,15,2,0,1,0,0,0,0,0,0,54,49,0
1,0,0,1,1,0,0,1,12,0,0,12,1,0,0,7,0,0,0,0,23,2,0,2,0,0,0,0,0,0,1,1,0
1,1,0,1,1,0,0,1,11,1,0,11,106,0,0,267,0,0,0,0,19,2,0,1,0,0,0,0,0,0,2053,370,0
1,0,0,1,1,0,0,1,17,0,0,17,3,0,0,84,0,0,0,0,17,2,0,1,0,0,0,0,0,0,48,29,0
1,1,0,1,1,1,0,1,13,2,0,13,8,2,0,93,0,0,0,0,19,2,0,1,0,0,0,0,0,0,663,303,0
1,1,0,1,1,0,0,1,15,1,0,15,2,0,0,49,0,0,0,0,20,2,0,1,0,0,0,0,0,0,8,5,0
1,0,0,1,1,0,0,1,9,0,0,9,1,0,0,7,0,0,0,0,27,2,0,2,0,0,0,0,0,0,1,1,0
1,0,0,1,1,0,0,1,22,0,0,22,151,0,0,314,0,0,0,0,24,2,0,1,0,0,0,0,0,0,357,361,0
1,0,0,1,1,0,0,1,1,0,0,1,3,0,0,3,0,0,0,0,18,2,0,1,0,0,0,0,0,0,14,3,0
1,1,0,1,1,1,0,1,20,1,0,20,3,1,0,107,0,0,0,0,19,2,0,1,0,0,0,0,0,0,81,30,0
1,0,0,1,1,0,0,1,5,0,0,5,1,0,0,43,0,0,0,0,29,2,0,1,0,0,0,0,0,0,63416,110878,0
1,0,0,1,1,0,0,1,23,0,0,23,300,0,0,535,0,0,0,0,23,2,0,2,0,0,0,0,0,0,1,1,0
1,1,0,1,1,1,0,1,49,1,0,49,13,1,0,176,0,0,0,0,19,2,0,1,0,0,0,0,0,0,360,252,0
1,0,0,1,1,0,0,1,6,0,0,6,1,0,0,29,0,0,0,0,17,2,0,1,0,0,0,0,0,0,107,3,0
1,0,0,1,1,0,0,0,45,0,0,45,1,0,0,0,0,0,0,0,19,2,0,1,0,0,0,0,0,0,64,28,0
1,1,0,1,1,0,0,1,30,1,0,30,1,0,0,224,0,0,0,0,15,2,0,1,0,0,0,0,0,0,72,22,0
1,0,0,1,1,0,0,1,12,0,0,12,16,0,0,187,0,0,0,0,15,2,0,1,0,0,0,0,0,0,136,86,0
1,0,0,1,1,0,0,1,9,0,0,9,1,0,0,7,0,0,0,0,24,2,0,2,0,0,0,0,0,0,1,1,0
1,0,0,1,1,0,0,1,23,0,0,23,8,0,0,59,0,1,0,0,27,2,0,1,0,0,0,0,0,0,4148,3221,0
1,0,0,1,0,1,0,1,34,0,0,34,0,1,0,12,0,0,0,0,19,2,0,1,0,0,0,0,0,0,2,2,0
1,0,0,1,1,0,0,1,18,0,0,18,127,0,0,141,0,0,0,0,18,2,0,1,0,0,0,0,0,0,103,105,0
1,0,0,1,1,0,0,1,4,0,0,4,5,0,0,12,0,0,0,0,14,2,0,1,0,0,0,0,0,0,1326,2546,0
1,0,0,1,1,0,0,1,6,0,0,6,12,0,0,52,0,0,0,0,15,2,0,1,0,0,0,0,0,0,241,47,0
1,0,0,1,1,0,0,1,53,0,0,53,59,0,0,86,0,0,0,0,22,2,0,2,0,0,0,0,0,0,10,4,0
0,0,0,0,1,0,0,1,0,0,0,0,16,0,0,21,0,0,0,0,21,2,0,1,0,0,0,0,0,0,274,302,0
1,1,0,1,1,1,0,1,8,1,0,8,36,1,0,278,0,1,0,0,23,2,0,1,0,0,0,0,0,0,563,456,0
1,0,0,1,1,0,0,1,16,0,0,16,118,0,0,415,0,0,0,0,19,2,0,1,0,0,0,0,0,0,258,310,0
1,1,0,1,1,1,0,1,4,1,0,4,64,1,0,118,0,0,0,0,17,2,0,1,0,0,0,0,0,0,1483,2807,0
1,0,0,1,1,0,0,1,9,0,0,9,1,0,0,7,0,0,0,0,24,2,0,2,0,0,0,0,0,0,1,1,0
1,0,0,1,0,0,0,1,14,0,0,14,0,0,0,127,0,0,0,0,17,2,0,1,0,0,0,0,0,0,47,23,0
1,0,0,1,1,0,0,1,17,0,0,17,6,0,0,26,0,0,0,0,27,2,0,2,0,0,0,0,0,0,1,1,0
1,1,0,1,1,0,0,1,66,7,0,66,17,0,0,63,0,0,0,0,21,2,0,2,0,0,0,0,0,0,10,4,0
1,1,0,1,1,0,0,1,4,1,0,4,22,0,0,565,0,0,0,0,24,2,0,2,0,0,0,0,0,0,12,8,0
1,1,0,1,1,1,0,1,13,1,0,13,10,1,0,315,0,0,0,0,18,2,0,1,0,0,0,0,0,0,92,67,0
1,1,0,1,1,0,0,1,13,13,0,13,24,0,0,90,0,0,0,0,21,2,0,1,0,0,0,0,0,0,1720,451,0
1,1,0,1,1,0,1,1,135,1,0,135,8,0,1,433,0,0,0,0,18,2,0,1,0,0,0,0,0,0,500,14,0
1,0,0,1,1,1,0,1,8,0,0,8,7,1,0,29,0,0,0,0,16,2,0,1,0,0,0,0,0,0,20,15,01,1,0,1,1,1,0,1,102,3,0,102,37,1,0,175,0,0,0,0,14,2,0,1,0,0,0,0,0,0,383,19,0
1,0,0,1,1,0,0,1,57,0,0,57,34,0,0,160,0,0,0,0,19,2,0,1,0,0,0,0,0,0,144,61,0
1,0,0,1,1,0,0,1,15,0,0,15,37,0,0,112,0,0,0,0,27,2,0,2,0,0,0,0,0,0,406,536,0
1,1,0,1,1,1,0,1,25,1,0,25,36,1,0,165,0,0,0,0,16,2,0,1,0,0,0,0,0,0,780,358,0
1,1,0,1,1,0,0,1,4,1,0,4,32,0,0,293,0,0,0,0,24,2,0,2,0,0,0,0,0,0,12,8,0
1,1,0,1,1,0,0,1,36,13,0,36,13,0,0,76,0,1,0,0,17,2,0,1,0,0,0,0,0,0,975,607,0
1,0,0,1,1,0,0,1,21,0,0,21,28,0,0,85,0,0,0,0,17,2,0,1,0,0,0,0,0,0,98798,22938,0
1,1,0,1,1,1,0,1,22,1,0,22,31,1,0,238,0,0,0,0,21,2,0,1,0,0,0,0,0,0,2335,675,0
1,1,0,1,1,0,0,1,7,2,0,7,33,0,0,207,0,0,0,0,25,2,0,1,0,0,0,0,0,0,49,18,0
1,1,0,1,1,1,0,1,9,5,0,9,1,2,0,59,0,0,0,0,19,2,0,2,0,0,0,0,0,0,35,3,0
1,1,0,1,1,0,0,1,56,1,0,56,69,0,0,372,0,0,0,0,19,2,0,1,0,0,0,0,0,0,105,141,0
1,1,0,1,1,1,0,1,21,16,0,21,30,1,0,97,0,0,0,0,18,2,0,2,0,0,0,0,0,0,1007,24,0
1,1,0,1,1,0,0,1,16,1,0,16,3,0,0,14,0,0,0,0,19,2,0,1,0,0,0,0,0,0,2484,1144,0
1,1,0,1,1,1,0,1,10,65,0,10,128,1,0,308,0,0,0,0,23,2,0,1,0,0,0,0,0,0,1328,416,0
1,1,0,1,1,1,0,1,16,2,0,16,73,1,0,278,0,0,0,0,20,2,0,2,0,0,0,0,0,0,1355,111,0
1,1,0,1,1,1,0,1,79,61,0,79,172,1,0,162,0,0,0,0,19,2,0,1,0,0,0,0,0,0,198,142,0
1,0,0,1,1,0,0,1,10,0,0,10,37,0,0,153,0,0,0,0,20,2,0,1,0,0,0,0,0,0,377,128,0
1,1,0,1,1,0,0,1,15,1,0,15,2,0,0,49,0,0,0,0,14,2,0,1,0,0,0,0,0,0,5423,5074,0
1,1,0,1,1,1,0,1,71,470,0,71,1005,1,0,949,0,0,0,0,23,2,0,2,0,0,0,0,0,0,231,133,0
1,0,0,1,0,0,0,1,1,0,0,1,0,0,0,1,0,0,0,0,17,2,0,1,0,0,0,0,0,0,381,184,0
1,1,0,1,1,0,0,1,23,3,0,23,32,0,0,76,0,0,0,0,19,2,0,1,0,0,0,0,0,0,253,189,0
1,1,0,1,1,0,0,1,12,2,0,12,249,0,0,620,0,0,0,0,27,2,0,1,0,0,0,0,0,0,237,89,0
1,1,0,1,1,1,0,1,28,1,0,28,184,1,0,1037,0,0,0,0,20,2,0,2,0,0,0,0,0,0,1369,1749,0
1,1,0,1,1,0,0,1,115,1,0,115,81,0,0,210,0,0,0,0,17,2,0,1,0,0,0,0,0,0,104,4,0
1,1,0,1,0,0,0,0,2,1,0,2,0,0,0,0,0,0,0,0,18,2,0,1,0,0,0,0,0,0,991,625,0
1,0,0,1,1,0,0,1,25,0,0,25,108,0,0,156,0,0,0,0,22,2,0,1,0,0,0,0,0,0,297,26,0
1,1,0,1,0,0,0,1,9,1,0,9,0,0,0,40,0,0,0,0,28,2,0,2,0,0,0,0,0,0,1,1,0
1,1,0,1,1,0,0,1,3,1,0,3,2,0,0,3,0,0,0,0,17,2,0,1,0,0,0,0,0,0,270,4,0
1,1,0,1,1,0,0,1,22,2,0,22,44,0,0,357,0,0,0,0,21,2,0,2,0,0,0,0,0,0,2071,150,0
0,0,0,0,0,0,0,0,0,0,0,0,0,0,0,0,0,0,0,0,24,2,0,1,0,0,0,0,0,0,3593,1945,0
1,0,0,1,1,0,0,1,1,0,0,1,3,0,0,19,0,0,0,0,23,2,0,2,0,0,0,0,0,0,1,1,0
1,1,0,1,1,1,0,1,35,47,0,35,103,1,0,108,0,0,0,0,19,2,0,1,0,0,0,0,0,0,13117,593,0
1,0,0,1,0,0,0,1,28,0,0,28,0,0,0,2,0,0,0,0,23,2,0,1,0,0,0,0,0,0,720,392,0
0,0,0,0,0,0,1,0,0,0,0,0,0,0,1,0,0,0,0,0,20,2,0,2,0,0,0,0,0,0,1812,77,0
1,0,0,1,1,0,0,1,13,0,0,13,27,0,0,42,0,0,0,0,14,2,0,1,0,0,0,0,0,0,2311,44,0
1,0,0,1,1,0,0,1,12,0,0,12,31,0,0,84,0,0,0,0,18,2,0,1,0,0,0,0,0,0,6166,1960,0
1,1,0,1,0,1,0,1,9,2,0,9,0,2,0,19,0,0,0,0,21,2,0,1,0,0,0,0,0,0,467318,0,0
1,1,0,1,1,1,0,1,15,1,0,15,1,1,0,29,0,0,0,0,19,2,0,1,0,0,0,0,0,0,89,51,0
1,1,0,1,1,0,0,1,28,1,0,28,1,0,0,459,0,0,0,0,14,2,0,1,0,0,0,0,0,0,289,278,0
1,1,0,1,1,1,0,1,36,1,0,36,32,1,0,68,0,0,0,0,18,2,0,1,0,0,0,0,0,0,293,498,0
1,0,0,1,1,0,0,1,6,0,0,6,7,0,0,30,0,0,0,0,28,2,0,2,0,0,0,0,0,0,1,1,0
1,0,0,1,1,0,0,1,8,0,0,8,3,0,0,96,0,0,0,0,18,2,0,2,0,0,0,0,0,0,628,23,0
1,1,0,1,1,1,0,1,18,2,0,18,17,1,0,121,0,0,0,0,24,2,0,2,0,0,0,0,0,0,1,1,0
1,0,0,1,1,0,0,1,6,0,0,6,1,0,0,28,0,0,0,0,23,2,0,2,0,0,0,0,0,1,1,1,0
1,1,0,1,1,1,0,1,16,5,0,16,13,2,0,1319,0,0,0,0,14,2,0,1,0,0,0,0,0,0,4186,2995,0
1,1,0,1,1,0,0,1,6,1,0,6,30,0,0,411,0,0,0,0,24,2,0,2,0,0,0,0,0,0,12,8,0
1,0,0,1,1,0,0,1,6,0,0,6,1,0,0,29,0,0,0,0,17,2,0,1,0,0,0,0,0,0,124,8,0
1,0,0,1,1,0,0,1,14,0,0,14,5,0,0,17,0,1,0,0,19,2,0,1,0,0,0,0,0,0,21,13,0
1,0,0,1,1,0,0,1,7,0,0,7,2,0,0,245,0,0,0,0,15,2,0,1,0,0,0,0,0,0,3063,5671,0
1,1,0,1,1,1,0,1,29,1,0,29,41,2,0,222,0,0,0,0,22,2,0,1,0,0,0,0,0,0,697,426,0
0,0,0,0,0,0,0,0,0,0,0,0,0,0,0,0,0,0,0,0,30,2,0,2,0,0,0,0,0,0,830,531,0
1,1,0,1,1,1,0,1,27,2,0,27,9,3,0,62,0,0,0,0,21,2,0,1,0,0,0,0,0,0,150,120,0
0,0,0,0,0,0,0,0,0,0,0,0,0,0,0,0,0,0,0,0,25,2,0,2,0,0,0,0,0,0,887,677,0
1,0,0,1,0,0,0,1,41,0,0,41,0,0,0,61,0,0,0,0,22,2,0,1,0,0,0,0,0,0,795,236,0
1,1,0,1,1,1,0,1,50,1,0,50,25,1,0,250,0,0,0,0,18,2,0,1,0,0,0,0,0,0,299,15,0
1,0,0,1,1,0,0,1,24,0,0,24,51,0,0,143,0,0,0,0,15,2,0,1,0,0,0,0,0,0,4445,1201,0
1,1,0,1,0,0,0,1,13,2,0,13,0,0,0,9,0,0,0,0,22,2,0,1,0,0,0,0,0,0,99,71,0
1,0,0,1,1,0,0,1,27,0,0,27,24,0,0,143,0,0,0,0,15,2,0,1,0,0,0,0,0,0,5135,116,0
1,1,0,1,1,0,0,1,129,3,0,129,205,0,0,284,0,0,0,0,20,2,0,1,0,0,0,0,0,0,490,272,0
1,1,0,1,1,0,0,1,45,43,0,45,138,0,0,330,0,0,0,0,20,2,0,2,0,0,0,0,0,0,1722,41,0
1,0,0,1,1,1,0,1,32,0,0,32,7,1,0,91,0,0,0,0,17,2,0,1,0,0,0,0,0,0,222,76,0
1,1,0,1,1,0,0,1,28,1,0,28,90,0,0,427,0,0,0,0,19,2,0,2,0,0,0,0,0,0,1084,21,0
1,0,0,1,0,0,0,1,4,0,0,4,0,0,0,5,0,0,0,0,19,2,0,1,0,0,0,0,0,0,128,32,0
1,0,0,1,0,0,0,1,1,0,0,1,0,0,0,12,0,0,0,0,24,2,0,2,0,0,0,0,0,0,10,4,0
1,0,0,1,0,0,0,0,1,0,0,1,0,0,0,0,0,0,0,0,17,2,0,1,0,0,0,0,0,0,614,452,0
1,1,0,1,1,1,0,1,16,2,0,16,13,1,0,181,0,0,0,0,15,2,0,1,0,0,0,0,0,0,1358,1619,0
1,1,0,1,1,0,0,1,13,1,0,13,23,0,0,178,0,0,0,0,15,2,0,1,0,0,0,0,0,0,446,193,0
1,0,0,1,1,0,0,1,20,0,0,20,7,0,0,30,0,0,0,0,20,2,0,1,0,0,0,0,0,0,295,79,0
1,1,0,1,1,1,0,1,8,2,0,8,32,1,0,163,0,0,0,0,22,2,0,1,0,0,0,0,0,0,120,11,0
1,1,0,1,1,1,0,1,7,12,0,7,10,1,0,54,0,0,0,0,19,2,0,1,0,0,0,0,0,0,1348,447,0
1,1,0,1,1,0,0,1,4,1,0,4,35,0,0,236,0,0,0,0,24,2,0,2,0,0,0,0,0,0,12,8,0
1,1,0,1,1,0,0,1,7,1,0,7,35,0,0,109,0,0,0,0,29,2,0,1,1,0,0,0,0,0,17886,5944,0
1,1,0,1,1,1,0,1,12,1,0,12,40,1,0,136,0,0,0,0,17,2,0,1,0,0,0,0,0,0,14649,4549,0
1,0,0,1,0,0,0,1,1,0,0,1,0,0,0,1,0,0,0,0,15,2,0,1,0,0,0,0,0,0,766,1404,0
1,0,0,1,1,0,0,1,25,0,0,25,6,0,0,294,0,0,0,0,15,2,0,1,0,0,0,0,0,0,368,136,0
1,0,0,1,0,0,0,0,28,0,0,28,0,0,0,0,0,0,0,0,21,2,0,1,0,0,0,0,0,0,173,93,0
1,0,0,1,1,0,0,1,17,0,0,17,26,0,0,141,0,0,0,0,16,2,0,1,0,0,0,0,0,0,1677,142,0
1,1,0,1,1,0,0,1,26,1,0,26,21,0,0,62,0,0,0,0,22,2,0,1,0,0,0,0,0,0,1488,698,0
1,1,0,1,1,1,0,1,13,1,0,13,7,2,0,100,0,0,0,0,18,2,0,1,0,0,0,0,0,0,2842,2420,0
1,0,0,1,1,0,0,1,24,0,0,24,40,0,0,84,0,0,0,0,14,2,0,1,0,0,0,0,0,0,1161,43,0
1,1,0,1,1,0,0,1,23,1,0,23,51,0,0,262,0,0,0,0,22,2,0,1,0,0,0,0,0,0,2641,1549,0
1,0,0,1,1,0,0,1,3,0,0,3,11,0,0,43,0,0,0,0,19,2,0,1,0,0,0,0,0,0,2187,1172,0
1,1,0,1,1,0,0,1,34,1,0,34,24,0,0,574,0,0,0,0,19,2,0,1,0,0,0,0,0,0,1320,48,0
1,1,0,1,1,1,0,1,6,1,0,6,15,1,0,165,0,0,0,0,17,2,0,1,0,0,0,0,0,0,12759,9224,0
0,0,0,0,0,0,0,0,0,0,0,0,0,0,0,0,0,0,0,0,17,2,0,1,0,0,0,0,0,0,8671,2170,0
1,0,0,1,1,0,0,1,3,0,0,3,42,0,0,16,0,0,0,0,25,2,0,2,0,0,0,0,0,0,336,95,0
1,1,0,1,1,1,0,1,9,2,0,9,54,1,0,220,0,0,0,0,16,2,0,1,0,0,0,0,0,0,1156,508,0
1,0,0,1,1,0,0,1,19,0,0,19,14,0,0,115,0,0,0,0,24,2,0,1,0,0,0,0,0,0,388,175,0
1,0,0,1,1,1,0,1,41,0,0,41,115,2,0,868,0,0,0,0,19,2,0,1,0,0,0,0,0,0,197,52,0
1,0,0,1,1,0,0,1,18,0,0,18,36,0,0,232,0,0,0,0,16,2,0,1,0,0,0,0,0,0,345,212,0
1,1,0,1,1,0,0,1,21,30,0,21,32,0,0,159,0,0,0,0,18,2,0,1,0,0,0,0,0,0,4193,1393,0
1,1,0,1,1,0,0,1,25,67,0,25,148,0,0,450,0,0,0,0,18,2,0,1,0,0,0,0,0,0,1151,37,0
1,1,0,1,1,0,0,1,26,18,0,26,46,0,0,208,0,0,0,0,23,2,0,2,0,0,0,0,0,0,1128,645,0
1,1,0,1,1,0,0,1,33,5,0,33,5,0,0,254,0,0,0,0,16,2,0,1,0,0,0,0,0,0,42,10,0
1,0,0,1,0,0,0,1,4,0,0,4,0,0,0,4,0,0,0,0,21,2,0,1,0,0,0,0,0,0,344,181,0
1,0,0,1,0,0,0,1,8,0,0,8,0,0,0,60,0,0,0,0,24,2,0,1,0,0,0,0,0,0,28178,10082,0
1,1,0,1,1,0,0,1,77,2,0,77,158,0,0,803,0,0,0,0,21,2,0,2,0,0,0,0,0,0,100,6,0
1,0,0,1,1,0,0,1,52,0,0,52,32,0,0,90,0,0,0,0,19,2,0,2,0,0,0,0,0,0,192,132,0
1,1,0,1,1,0,0,1,18,1,0,18,3,0,0,29,0,0,0,0,20,2,0,1,0,0,0,0,0,0,9538,2841,0
1,1,0,1,1,1,0,1,10,3,0,10,57,1,0,357,0,0,0,0,22,2,0,2,0,0,0,0,0,0,11855,3718,0
1,1,0,1,1,0,0,1,13,50,0,13,139,0,0,475,0,0,0,0,16,2,0,1,0,0,0,0,0,0,149,90,0
1,0,0,1,1,0,0,1,4,0,0,4,1,0,0,323,0,0,0,0,23,2,0,2,0,0,0,0,0,0,12,8,0
1,0,0,1,1,0,0,1,14,0,0,14,39,0,0,97,0,0,0,0,17,2,0,1,0,0,0,0,0,0,612,236,0
1,1,0,1,1,1,0,1,9,1,0,9,9,1,0,93,0,0,0,0,36,2,0,2,0,0,0,0,0,0,1,1,0
1,0,0,1,1,0,0,1,58,0,0,58,1,0,0,145,0,0,0,0,19,2,0,1,0,0,0,0,0,1,1890,338,0
1,1,0,1,0,1,0,1,10,1,0,10,0,1,0,11,0,0,0,0,18,2,0,1,0,0,0,0,0,0,1606,218,0
1,1,0,1,1,1,0,1,14,1,0,14,73,1,0,403,0,0,0,0,26,2,0,1,0,0,0,0,0,0,170,62,0
1,0,0,1,1,0,0,1,14,0,0,14,12,0,0,275,0,0,0,0,23,2,0,1,0,0,0,0,0,0,819,219,0
1,1,0,1,1,1,0,1,30,3,0,30,16,2,0,171,0,0,0,0,17,2,0,1,0,0,0,0,0,0,1138,560,0
1,1,0,1,0,0,0,1,15,1,0,15,0,0,0,94,0,0,0,0,13,2,0,1,0,0,0,0,0,0,404587,290406,0
1,0,0,1,1,0,0,1,15,0,0,15,37,0,0,112,0,0,0,0,14,2,0,1,0,0,0,0,0,0,733,484,0
1,1,0,1,1,0,0,1,3,1,0,3,2,0,0,3,0,0,0,0,20,2,0,2,0,0,0,0,0,0,88,4,0
1,0,0,1,1,0,0,1,12,0,0,12,31,0,0,84,0,0,0,0,18,2,0,1,0,0,0,0,0,0,34690,14244,0
1,1,0,1,0,0,0,0,8,1,0,8,0,0,0,0,0,0,0,0,19,2,0,1,0,0,0,0,0,0,61,34,0
1,0,0,1,1,0,0,1,6,0,0,6,7,0,0,173,0,0,0,0,16,2,0,1,0,0,0,0,0,0,4265,2981,0
0,0,0,0,0,0,0,0,0,0,0,0,0,0,0,0,0,0,0,0,15,2,0,1,0,0,0,0,0,0,1728,52,0
1,1,0,1,1,1,0,1,26,2,0,26,37,2,0,214,0,0,0,0,16,2,0,1,0,0,0,0,0,0,353,111,0
1,0,0,1,1,0,0,1,8,0,0,8,13,0,0,177,0,0,0,0,20,2,0,1,0,0,0,0,0,0,1116,584,0
1,0,0,1,0,0,0,1,1,0,0,1,0,0,0,2,0,0,0,0,15,2,0,1,0,0,0,0,0,0,552,271,0
1,1,0,1,1,1,0,1,69,5,0,69,159,1,0,322,0,0,0,0,21,2,0,2,0,0,0,0,0,0,1298,1171,0
1,1,0,1,1,1,0,1,9,2,0,9,38,1,0,477,0,0,0,0,14,2,0,1,0,0,0,0,0,0,1574,1027,0
1,1,0,1,1,1,0,1,17,6,0,17,42,1,0,158,0,1,0,0,17,2,0,1,0,0,0,0,0,0,10286,4613,0
1,0,0,1,1,0,0,1,3,0,0,3,4,0,0,11,0,0,0,0,25,2,0,2,0,0,0,0,0,0,1,1,0
1,0,0,1,0,0,0,0,9,0,0,9,0,0,0,0,0,0,0,0,17,2,0,1,0,0,0,0,0,0,30,17,0
1,0,0,1,1,1,0,1,8,0,0,8,111,4,0,228,0,0,0,0,19,2,0,1,0,0,0,0,0,0,1155,313,0
1,0,0,1,1,0,0,1,17,0,0,17,7,0,0,28,0,0,0,0,21,2,0,1,0,0,0,0,0,0,34043,18756,0
1,0,0,1,1,0,0,1,6,0,0,6,1,0,0,28,0,0,0,0,25,2,0,2,0,0,0,0,0,0,1,1,0
1,1,0,1,1,1,0,1,12,1,0,12,74,1,0,263,0,0,0,0,15,2,0,1,0,0,0,0,0,0,1945,494,0
1,1,0,1,0,0,0,1,1,1,0,1,0,0,0,1,0,0,0,0,22,2,0,1,0,0,0,0,0,3,8105,2748,0
0,0,0,0,1,0,0,1,0,0,0,0,13,0,0,118,0,0,0,0,15,2,0,1,0,0,0,0,0,0,8510,7927,0
1,1,0,1,1,1,0,1,11,1,0,11,45,2,0,205,0,0,0,0,15,2,0,1,0,0,0,0,0,0,438,162,0
1,0,0,1,0,0,0,1,3,0,0,3,0,0,0,16,0,0,0,0,24,2,0,2,0,0,0,0,0,0,1,1,0
0,0,0,0,0,0,0,0,0,0,0,0,0,0,0,0,0,0,0,0,20,2,0,1,0,0,0,0,0,0,1171,477,0
0,0,0,0,0,0,0,0,0,0,0,0,0,0,0,0,0,0,0,0,20,2,0,1,0,0,0,0,0,0,677,231,0
1,0,0,1,1,0,0,1,7,0,0,7,110,0,0,57,0,0,0,0,30,2,0,1,0,0,0,0,0,0,49070,26485,0
1,1,0,1,1,0,0,1,4,1,0,4,7,0,0,78,0,0,0,0,16,2,0,1,0,0,0,0,0,0,9579,5910,0
1,1,0,1,1,0,0,1,3,1,0,3,2,0,0,3,0,0,0,0,17,2,0,1,0,0,0,0,0,0,283,5,0
1,0,0,1,1,0,0,1,30,0,0,30,13,0,0,119,0,0,0,0,21,2,0,1,0,0,0,0,0,0,2461,1584,0
1,0,0,1,1,1,0,1,19,0,0,19,85,1,0,411,0,0,0,0,16,2,0,1,0,0,0,0,0,0,3454,1648,0
1,1,0,1,1,0,0,1,31,1,0,31,24,0,0,133,0,0,0,0,29,2,0,1,0,0,0,0,0,0,2593,1093,0
0,0,0,0,1,0,0,1,0,0,0,0,1,0,0,1,0,0,0,0,17,2,0,1,0,0,0,0,0,0,1567,690,0
1,1,0,1,0,0,0,0,8,1,0,8,0,0,0,0,0,0,0,0,25,2,0,2,0,0,0,0,0,0,1,1,0
1,0,0,1,1,0,0,1,10,0,0,10,1,0,0,32,0,0,0,0,20,2,0,1,0,0,0,0,0,0,4758,2669,0
1,1,0,1,0,0,0,1,5,1,0,5,0,0,0,60,0,0,0,0,20,2,0,1,0,0,0,0,0,0,2270,13,0
1,1,0,1,1,0,0,1,15,27,0,15,56,0,0,188,0,0,0,0,19,2,0,1,0,0,0,0,0,0,624,251,0
1,1,0,1,1,1,0,1,28,124,0,28,255,1,0,334,0,0,0,0,27,2,0,1,0,0,0,0,0,0,5204,164,0
1,1,0,1,1,1,0,1,7,1,0,7,20,1,0,74,0,0,0,0,17,2,0,1,0,0,0,0,0,0,8065,2804,0
1,1,0,1,1,1,0,1,11,2,0,11,71,2,0,154,0,0,0,0,15,2,0,1,0,0,0,0,0,0,1551,90,0
1,0,0,1,0,0,0,1,22,0,0,22,0,0,0,22,0,0,0,0,17,2,0,1,0,0,0,0,0,0,342,80,0
1,0,0,1,1,0,0,1,5,0,0,5,4,0,0,14,0,0,0,0,15,2,0,1,0,0,0,0,0,0,3171,333,0
1,1,0,1,1,1,0,1,22,1,0,22,4,1,0,56,0,0,0,0,14,2,0,1,0,0,0,0,0,0,257,54,0
1,0,0,1,1,0,0,1,6,0,0,6,6,0,0,385,0,0,0,0,17,2,0,2,0,0,0,0,0,0,267283,33065,0
1,0,0,1,1,0,0,1,1,0,0,1,3,0,0,2,0,0,0,0,17,2,0,1,0,0,0,0,0,0,200,3,0
1,1,0,1,0,0,0,1,4,1,0,4,0,0,0,1,0,0,0,0,27,2,0,1,0,0,0,0,0,0,103449,76338,0
1,0,0,1,1,0,0,1,27,0,0,27,14,0,0,98,0,0,0,0,26,2,0,1,0,0,0,0,0,0,178,228,0
1,0,0,1,1,0,0,1,8,0,0,8,13,0,0,108,0,0,0,0,25,2,0,2,0,0,0,0,0,0,10,4,0
1,0,0,1,1,0,0,1,41,0,0,41,147,0,0,357,0,0,0,0,16,2,0,1,0,0,0,0,0,0,16713,16869,0
1,1,0,1,1,0,0,1,8,35,0,8,72,0,0,199,0,0,0,0,25,2,0,1,0,0,0,0,0,0,1451,1203,0
1,1,0,1,1,1,0,1,11,1,0,11,3,1,0,44,0,0,0,0,23,2,0,1,0,0,0,0,0,0,3662,1346,0
1,1,0,1,1,1,0,1,8,40,0,8,95,1,0,141,0,0,0,0,19,2,0,1,0,0,0,0,0,0,3385,3494,0
1,0,0,1,1,0,0,1,7,0,0,7,1,0,0,7,0,0,0,0,29,2,0,2,0,0,0,0,0,0,1,1,0
1,0,0,1,1,0,0,1,6,0,0,6,1,0,0,29,0,0,0,0,17,2,0,1,0,0,0,0,0,0,1025,6,0
1,1,0,1,1,1,0,1,13,3,0,13,22,1,0,235,0,0,0,0,16,2,0,2,0,0,0,0,0,0,5131,6333,0
1,0,0,1,1,0,0,1,1,0,0,1,1,0,0,3,0,0,0,0,17,2,0,1,0,0,0,0,0,0,1310,949,0
1,1,0,1,1,1,0,1,59,3,0,59,46,2,0,288,0,0,0,0,23,2,0,1,0,0,0,0,0,0,859,125,0
1,1,0,1,1,1,0,1,43,3,0,43,125,1,0,407,0,0,0,0,19,2,0,1,0,0,0,0,0,0,1461,73,0
1,1,0,1,1,1,0,1,6,1,0,6,5,1,0,182,0,0,0,0,22,2,0,1,0,0,0,0,0,0,3982,1632,0
1,1,0,1,1,0,0,1,35,50,0,35,96,0,0,339,0,0,0,0,18,2,0,2,0,0,0,0,0,0,269,7,0
1,0,0,1,1,0,0,1,2,0,0,2,61,0,0,1601,0,0,0,0,18,2,0,1,0,0,0,0,0,0,599,59,0
1,1,0,1,1,1,0,1,15,1,0,15,1,1,0,397,0,0,0,0,17,2,0,1,0,0,0,0,0,0,7105,1051,0
1,0,0,1,1,0,0,1,28,0,0,28,83,0,0,157,0,0,0,0,19,2,0,2,0,0,0,0,0,0,572,179,0
1,1,0,1,1,0,0,1,73,1,0,73,1,0,0,53,0,0,0,0,18,2,0,1,0,0,0,0,0,0,375,83,0
1,0,0,1,1,0,0,1,8,0,0,8,21,0,0,369,0,0,0,0,17,2,0,2,0,0,0,0,0,0,83242,66919,0
1,0,0,1,1,0,0,1,1,0,0,1,1,0,0,13,0,0,0,0,12,2,0,1,0,0,0,0,0,0,179,248,0
1,0,0,1,1,0,0,1,6,0,0,6,1,0,0,28,0,0,0,0,17,2,0,1,0,0,0,0,0,0,245,5,0
1,1,0,1,1,1,0,1,15,1,0,15,30,1,0,192,0,0,0,0,24,2,0,1,0,0,0,0,0,0,1872,1232,0
1,0,0,1,1,0,0,1,12,0,0,12,1,0,0,7,0,0,0,0,17,2,0,1,0,0,0,0,0,0,2728,363,0
1,0,0,1,1,0,0,1,8,0,0,8,16,0,0,130,0,0,0,0,21,2,0,1,0,0,0,0,0,0,6406,2201,0
1,1,0,1,1,1,0,1,22,5,0,22,3,1,0,35,0,0,0,0,24,2,0,1,0,0,0,0,0,0,157,109,0
1,1,0,1,1,0,0,1,23,2,0,23,9,0,0,210,0,0,0,0,27,2,0,1,0,0,0,0,0,0,610,414,0
1,1,0,1,1,1,0,1,5,1,0,5,2,1,0,2,0,0,0,0,22,2,0,1,0,0,0,0,0,0,19765,30352,0
1,1,0,1,1,1,0,1,28,3,0,28,5,1,0,54,0,0,0,0,16,2,0,1,0,0,0,0,0,0,1502,835,0
1,1,0,1,1,0,0,1,24,2,0,24,10,0,0,399,0,0,0,0,15,2,0,1,0,0,0,0,0,0,1738,750,0
1,0,0,1,1,1,0,1,37,0,0,37,92,1,0,288,0,8,0,0,17,2,0,1,0,0,0,0,0,0,29285,1701,0
1,1,0,1,1,1,1,1,20,4,0,20,132,1,1,786,0,0,0,0,14,2,0,1,0,0,0,0,0,0,1191,22,0
1,0,0,1,1,0,0,1,16,0,0,16,14,0,0,106,0,0,0,0,16,2,0,1,0,0,0,0,0,0,4260,1359,0
1,0,0,1,1,0,0,1,10,0,0,10,36,0,0,107,0,1,0,0,17,2,0,1,0,0,0,0,0,0,2836,689,0
1,0,0,1,1,0,0,1,37,0,0,37,56,0,0,144,0,0,0,0,21,2,0,1,0,0,0,0,0,0,452,415,0
1,0,0,1,1,1,0,1,9,0,0,9,65,1,0,213,0,0,0,0,16,2,0,1,0,0,0,0,0,0,153,4,0
1,0,0,1,1,0,0,1,14,0,0,14,17,0,0,184,0,4,0,0,15,2,0,1,0,0,0,0,0,0,3129,664,0
0,0,0,0,0,0,0,1,0,0,0,0,0,0,0,1,0,0,0,0,23,2,0,2,0,0,0,0,0,1,336,95,0
1,1,0,1,0,0,0,1,4,1,0,4,0,0,0,1,0,0,0,0,19,2,0,1,0,0,0,0,0,0,422,166,0
1,0,0,1,1,1,0,1,21,0,0,21,58,1,0,282,0,0,0,0,25,2,0,2,1,0,0,0,0,0,1374,462,0
0,0,0,0,0,0,0,1,0,0,0,0,0,0,0,2,0,0,0,0,29,2,0,2,0,0,0,0,0,0,161240,8631,0
1,0,0,1,1,0,0,1,19,0,0,19,8,0,0,156,0,0,0,0,19,2,0,1,0,0,0,0,0,0,2172,407,0
1,0,0,1,1,0,0,1,19,0,0,19,37,0,0,232,0,0,0,0,20,2,0,1,0,0,0,0,0,0,102075,17210,0
0,0,0,0,0,0,0,0,0,0,0,0,0,0,0,0,0,0,0,0,25,2,0,2,0,0,0,0,0,0,687,225,0
1,0,0,1,1,0,0,1,6,0,0,6,1,0,0,29,0,0,0,0,21,2,0,2,0,0,0,0,0,0,171,7,0
1,1,0,1,1,0,0,1,6,2,0,6,35,0,0,290,0,0,0,0,24,2,0,2,0,0,0,0,0,0,12,8,0
1,1,0,1,1,1,0,1,10,2,0,10,13,2,0,96,0,0,0,0,20,2,0,1,0,0,0,0,0,0,2087,495,0
1,1,0,1,1,0,0,1,21,4,0,21,12,0,0,348,0,0,0,0,20,2,0,1,0,0,0,0,0,0,1398,648,0
1,1,0,1,1,1,0,1,9,1,0,9,13,1,0,94,0,0,0,0,23,2,0,1,0,0,0,0,0,0,361,356,0
1,1,0,1,1,1,0,1,7,1,0,7,19,1,0,52,0,0,0,0,19,2,0,1,0,0,0,0,0,0,2898,1671,0
1,0,0,1,1,0,0,1,6,0,0,6,1,0,0,29,0,0,0,0,20,2,0,2,0,0,0,0,0,0,330,17,0
1,1,0,1,1,1,0,1,15,2,0,15,28,1,0,204,0,0,0,0,18,2,0,2,0,0,0,0,0,0,3995,323,0
1,0,0,1,1,0,0,1,21,0,0,21,80,0,0,362,0,0,0,0,20,2,0,1,0,0,0,0,0,0,815,277,0
1,0,0,1,1,0,0,1,8,0,0,8,6,0,0,189,0,0,0,0,21,2,0,1,0,0,0,0,0,0,142,13,0
1,1,0,1,1,0,0,1,29,344,0,29,367,0,0,1070,0,0,0,0,22,2,0,2,0,0,0,0,0,0,4868,249,0
1,0,0,1,1,0,0,1,67,0,0,67,12,0,0,69,0,0,0,0,25,2,0,2,0,0,0,0,0,0,10,4,0
1,1,0,1,0,0,0,1,4,1,0,4,0,0,0,1,0,0,0,0,21,2,0,1,1,0,0,0,0,0,10762,464,0
1,0,0,1,1,0,0,1,18,0,0,18,85,0,0,120,0,0,0,0,19,2,0,1,0,0,0,0,0,0,3098,1082,0
1,1,0,1,1,0,0,1,98,4,0,98,74,0,0,414,0,0,0,0,20,2,0,1,0,0,0,0,0,0,1673,444,0
1,1,0,1,1,1,0,1,18,1,0,18,30,1,0,139,0,0,0,0,25,2,0,1,0,0,0,0,0,0,1830,804,0
1,0,0,1,1,0,0,1,64,0,0,64,48,0,0,112,0,0,0,0,24,2,0,2,0,0,0,0,0,0,10,4,0
1,0,0,1,1,0,0,1,38,0,0,38,9,0,0,137,0,0,0,0,24,2,0,1,0,0,0,0,0,0,5816,4883,0
1,0,0,1,1,1,0,1,7,0,0,7,18,1,0,459,0,0,0,0,18,2,0,1,0,0,0,0,0,0,2368,913,0
1,0,0,1,0,0,0,0,8,0,0,8,0,0,0,0,0,0,0,0,20,2,0,1,0,0,0,0,0,1,5179,131,0
1,1,0,1,1,1,0,1,17,2,0,17,26,1,0,238,0,0,0,0,20,2,0,1,0,0,0,0,0,0,1241,1022,0
1,1,0,1,1,0,0,1,8,2,0,8,19,0,0,195,0,0,0,0,15,2,0,1,0,0,0,0,0,0,10195,11715,0
1,1,0,1,1,0,0,1,3,1,0,3,2,0,0,3,0,0,0,0,17,2,0,1,0,0,0,0,0,0,266,4,0
1,0,0,1,1,0,0,1,59,0,0,59,111,0,0,501,0,0,0,0,17,2,0,1,0,0,0,0,0,0,493,297,0
1,1,0,1,0,1,0,0,13,1,0,13,0,1,0,0,0,0,0,0,17,2,0,1,0,0,0,0,0,0,686,329,0
1,0,0,1,1,0,0,1,12,0,0,12,21,0,0,130,0,0,0,0,29,2,0,1,0,0,0,0,0,0,36194,8624,0
1,1,0,1,1,0,0,1,18,2,0,18,28,0,0,196,0,0,0,0,19,2,0,1,0,0,0,0,0,0,272,124,0
1,1,0,1,0,1,0,1,22,1,0,22,0,1,0,246,0,0,0,0,23,2,0,1,0,0,0,0,0,0,3595,1487,0
1,0,0,1,1,0,0,1,16,0,0,16,9,0,0,36,0,0,0,0,17,2,0,1,0,0,0,0,0,0,19078,5004,0
1,1,0,1,1,0,0,1,20,3,0,20,3,0,0,77,0,0,0,0,17,2,0,1,0,0,0,0,0,0,51,4,0
1,1,0,1,1,0,0,1,11,1,0,11,3,0,0,62,0,1,0,0,18,2,0,1,0,0,0,0,0,0,561,366,0
1,1,0,1,1,0,0,1,11,1,0,11,6,0,0,137,0,0,0,0,22,2,0,1,0,0,0,0,0,0,3818,1353,0
1,1,0,1,1,1,0,1,47,46,0,47,102,3,0,287,0,0,0,0,15,2,0,1,0,0,0,0,0,0,1699,593,0
1,0,0,1,1,0,0,1,21,0,0,21,22,0,0,152,0,0,0,0,27,2,0,1,1,0,0,0,0,0,558,289,0
1,1,0,1,1,0,0,1,29,4,0,29,44,0,0,109,0,0,0,0,20,2,0,2,0,0,0,0,0,0,10,4,0
1,0,0,1,1,0,0,1,17,0,0,17,10,0,0,135,0,0,0,0,18,2,0,1,0,0,0,0,0,0,74281,29331,0
1,0,0,1,1,0,0,1,34,0,0,34,16,0,0,179,0,0,0,0,18,2,0,2,0,0,0,0,0,0,29112,2436,0
1,1,0,1,1,1,0,1,8,1,0,8,5,1,0,266,0,0,0,0,16,2,0,1,0,0,0,0,0,0,4029,1423,0
1,0,0,1,1,0,0,1,28,0,0,28,83,0,0,157,0,0,0,0,16,2,0,1,0,0,0,0,0,0,102,19,0
1,1,0,1,1,0,0,1,6,1,0,6,1,0,0,10,0,0,0,0,15,2,0,1,0,0,0,0,0,0,38099,45433,0
1,1,0,1,1,0,0,1,41,1,0,41,66,0,0,241,0,0,0,0,20,2,0,1,0,0,0,0,0,0,816,559,0
1,0,0,1,0,0,0,1,14,0,0,14,0,0,0,2,0,0,0,0,30,2,0,1,0,0,0,0,0,0,2058,843,0
1,1,0,1,1,0,0,1,20,1,0,20,39,0,0,100,0,0,0,0,17,2,0,1,0,0,0,0,0,0,424,7,0
1,1,0,1,1,1,0,1,60,1,0,60,72,1,0,919,0,0,0,0,20,2,0,1,0,0,0,0,0,0,223,16,0
1,1,0,1,1,1,0,1,17,1,0,17,16,2,0,149,0,0,0,0,15,2,0,1,0,0,0,0,0,0,1866,633,0
1,1,0,1,1,0,0,1,34,11,0,34,194,0,0,1141,0,0,0,0,19,2,0,1,0,0,0,0,0,0,1425,24,0
1,0,0,1,1,0,0,1,6,0,0,6,1,0,0,29,0,0,0,0,17,2,0,1,0,0,0,0,0,0,262,3,0
1,1,0,1,1,0,0,1,40,2,0,40,10,0,0,69,0,0,0,0,25,2,0,1,0,0,0,0,0,0,1363,398,0
1,1,0,1,0,0,0,1,4,1,0,4,0,0,0,1,0,0,0,0,17,2,0,1,0,0,0,0,0,0,98,85,0
1,1,0,1,1,0,0,1,43,1,0,43,17,0,0,402,0,0,0,0,18,2,0,1,0,0,0,0,0,0,566,306,0
1,0,0,1,0,0,0,0,7,0,0,7,0,0,0,0,0,0,0,0,20,2,0,1,0,0,0,0,0,0,2798,3403,0
1,1,0,1,1,1,0,1,101,8,0,101,102,3,0,467,0,0,0,0,19,2,0,1,0,0,0,0,0,0,1822,616,0
1,1,0,1,1,1,0,1,12,7,0,12,36,1,0,136,0,0,0,0,18,2,0,1,0,0,0,0,0,0,1071,917,0
1,0,0,1,0,0,0,0,15,0,0,15,0,0,0,0,0,0,0,0,21,2,0,1,0,0,0,0,0,0,32,21,0
1,1,0,1,1,0,0,1,7,1,0,7,19,0,0,415,0,0,0,0,16,2,0,1,0,0,0,0,0,0,233,102,0
1,0,0,1,1,1,0,1,14,0,0,14,13,1,0,75,0,0,0,0,22,2,0,1,0,0,0,0,0,0,3960,1300,0
1,0,0,1,1,0,0,1,11,0,0,11,1,0,0,225,0,0,0,0,19,2,0,1,0,0,0,0,0,0,242,63,0
1,0,0,1,1,0,0,1,15,0,0,15,28,0,0,56,0,0,0,0,16,2,0,1,0,0,0,0,0,0,9933,1121,0
1,1,0,1,1,1,0,1,14,1,0,14,32,6,0,111,0,0,0,0,14,2,0,1,0,0,0,0,0,1,1855,101,0
1,1,0,1,1,1,0,1,54,115,0,54,116,2,0,383,0,0,0,0,15,2,0,1,0,0,0,0,0,0,1931,43,0
1,0,0,1,1,0,0,1,22,0,0,22,2,0,0,56,0,0,0,0,20,2,0,1,0,0,0,0,0,0,1756,2454,0
1,1,0,1,1,1,0,1,15,9,0,15,9,1,0,60,0,0,0,0,27,2,0,2,0,0,0,0,0,0,436,33,0
1,1,0,1,1,0,0,1,8,1,0,8,2,0,0,73,0,0,0,0,16,2,0,1,0,0,0,0,0,0,2221,103,0
1,1,0,1,1,1,0,1,9,1,0,9,61,1,0,271,0,0,0,0,18,2,0,1,0,0,0,0,0,0,603,50,0
1,0,0,1,0,0,0,1,8,0,0,8,0,0,0,89,0,0,0,0,14,2,0,1,0,0,0,0,0,0,647,594,0
1,1,0,1,0,1,0,1,35,2,0,35,0,2,0,73,0,0,0,0,20,2,0,1,0,0,0,0,0,0,1103,370,0
1,1,0,1,1,1,0,1,33,1,0,33,9,1,0,123,0,0,0,0,15,2,0,1,0,0,0,0,0,0,3513,711,0
1,1,0,1,1,1,0,1,17,129,0,17,302,1,0,543,0,0,0,0,18,2,0,1,0,0,0,0,0,0,803,28,0
1,1,0,1,1,1,0,1,12,53,0,12,68,1,0,225,0,0,0,0,18,2,0,1,0,0,0,0,0,0,3105,1622,0
1,1,0,1,1,1,1,1,25,2,0,25,91,1,1,391,0,0,0,0,20,2,0,1,0,0,0,0,0,2,2432,67,0
1,0,0,1,1,0,0,1,12,0,0,12,34,0,0,62,0,0,0,0,24,2,0,1,0,0,0,0,0,0,9190,1829,0
1,1,0,1,1,1,0,1,11,1,0,11,32,1,0,128,0,0,0,0,20,2,0,1,0,0,0,0,0,0,367,245,0
1,1,0,1,1,1,0,1,14,1,0,14,44,1,0,27,0,0,0,0,19,2,0,1,0,0,0,0,0,0,8627,636,0
1,0,0,1,1,1,0,1,15,0,0,15,53,4,0,185,0,3,0,0,21,2,0,1,0,0,0,0,0,0,20397,7582,0
1,1,0,1,1,1,0,1,15,2,0,15,21,1,0,54,0,0,0,0,16,2,0,1,0,0,0,0,0,0,2612,132,0
1,0,0,1,1,1,0,1,24,0,0,24,110,7,0,438,0,0,0,0,17,2,0,1,0,0,0,0,0,0,44,2,0
1,1,0,1,1,1,0,1,27,1,0,27,11,2,0,310,0,0,0,0,29,2,0,1,0,0,0,0,0,0,646,492,0
1,1,0,1,1,0,0,1,69,75,0,69,148,0,0,432,0,0,0,0,18,2,0,1,0,0,0,0,0,0,9611,2364,0
1,1,0,1,1,1,0,1,69,6,0,69,62,1,0,568,0,0,0,0,18,2,0,1,0,0,0,0,0,0,462,148,0
1,1,0,1,1,0,0,1,13,1,0,13,9,0,0,151,0,0,0,0,14,2,0,1,0,0,0,0,0,0,741,493,0
1,0,0,1,1,0,0,1,18,0,0,18,36,0,0,232,0,0,0,0,16,2,0,1,0,0,0,0,0,0,345,212,0
1,0,0,1,1,0,0,1,17,0,0,17,9,0,0,46,0,0,0,0,15,2,0,1,0,0,0,0,0,0,827,621,0
1,1,0,1,1,0,0,1,20,65,0,20,130,0,0,269,0,0,0,0,17,2,0,1,0,0,0,0,0,0,2599,1752,0
1,1,0,1,1,1,0,1,28,1,0,28,69,1,0,497,0,0,0,0,17,2,0,2,0,0,0,0,0,0,467,41,0
1,1,0,1,1,1,0,1,39,39,0,39,85,1,0,332,0,0,0,0,20,2,0,1,0,0,0,0,0,0,584,331,0
1,1,0,1,1,1,0,1,16,1,0,16,34,1,0,56,0,0,0,0,22,2,0,1,0,0,0,0,0,0,3472,4563,0
1,0,0,1,1,0,0,1,1,0,0,1,1,0,0,1,0,0,0,0,28,2,0,2,0,0,0,0,0,0,1,1,0
1,0,0,1,1,0,0,1,42,0,0,42,2,0,0,493,0,0,0,0,19,2,0,1,0,0,0,0,0,0,638,240,0
1,1,0,1,1,0,0,1,6,1,0,6,62,0,0,419,0,0,0,0,24,2,0,2,0,0,0,0,0,0,12,8,0
1,1,0,1,1,1,0,1,17,1,0,17,48,1,0,562,0,0,0,0,27,2,0,1,0,0,0,0,0,0,3597,876,0
1,1,0,1,1,1,0,1,35,1,0,35,43,2,0,277,0,0,0,0,21,2,0,1,0,0,0,0,0,0,2458,905,0
0,0,0,0,0,0,0,0,0,0,0,0,0,0,0,0,0,0,0,0,19,2,0,1,0,0,0,0,0,0,1220,368,0
1,1,0,1,1,0,0,1,11,1,0,11,10,0,0,210,0,0,0,0,22,2,0,1,0,0,0,0,0,0,40921,31068,0
1,1,0,1,1,1,0,1,5,1,0,5,18,1,0,278,0,2,0,0,17,2,0,1,0,0,0,0,0,0,7005,1819,0
1,0,0,1,1,0,0,1,21,0,0,21,18,0,0,40,0,0,0,0,20,2,0,1,0,0,0,0,0,0,4120,2010,0
1,1,0,1,1,0,0,1,26,45,0,26,164,0,0,300,0,0,0,0,21,2,0,1,0,0,0,0,0,0,15814,5841,0
1,0,0,1,1,0,0,1,22,0,0,22,2,0,0,45,0,0,0,0,30,2,0,2,0,0,0,0,0,0,1,1,0
1,1,0,1,1,0,0,1,27,3,0,27,20,0,0,145,0,0,0,0,15,2,0,1,0,0,0,0,0,0,380,147,0
1,0,0,1,0,0,0,1,8,0,0,8,0,0,0,124,0,0,0,0,17,2,0,1,0,0,0,0,0,0,4073,1572,0
1,1,0,1,1,1,0,1,17,9,0,17,30,1,0,127,0,0,0,0,20,2,0,1,0,0,0,0,0,0,442,349,0
1,1,0,1,1,1,0,1,17,3,0,17,42,2,0,231,0,0,0,0,25,2,0,2,0,0,0,0,0,0,0,0,0
1,1,0,1,1,0,0,1,4,1,0,4,1,0,0,15,0,0,0,0,16,2,0,1,0,0,0,0,0,0,16464,1720,0
1,0,0,1,1,0,0,1,1,0,0,1,1,0,0,91,0,0,0,0,17,2,0,1,0,0,0,0,0,0,10713,10025,0
1,1,0,1,1,1,0,1,31,1,0,31,15,1,0,148,0,0,0,0,19,2,0,1,0,0,0,0,0,0,6490,226,0
1,1,0,1,1,0,0,1,37,1,0,37,35,0,0,259,0,0,0,0,20,2,0,1,1,0,0,0,0,2,92200,3599,0
1,1,0,1,1,1,0,1,11,1,0,11,35,1,0,133,0,0,0,0,17,2,0,1,0,0,0,0,0,0,1136,967,0
0,0,0,0,0,0,0,0,0,0,0,0,0,0,0,0,0,0,0,0,27,2,0,1,0,0,0,0,0,0,1459,564,0
1,0,0,1,1,0,0,1,6,0,0,6,1,0,0,28,0,0,0,0,20,2,0,2,0,0,0,0,0,0,59,4,0
1,0,0,1,1,0,0,1,15,0,0,15,91,0,0,157,0,0,0,0,17,2,0,1,0,0,0,0,0,0,362,28,0
1,0,0,1,1,0,0,1,4,0,0,4,1,0,0,323,0,0,0,0,25,2,0,2,0,0,0,0,0,0,12,8,0
1,0,0,1,1,0,0,1,7,0,0,7,23,0,0,83,0,0,0,0,18,2,0,1,0,0,0,0,0,0,618725,31946,0
1,0,0,1,1,1,0,1,21,0,0,21,58,1,0,282,0,0,0,0,26,2,0,1,2,0,0,0,0,0,84840,97267,0
1,1,0,1,1,1,0,1,55,2,0,55,177,15,0,500,0,0,0,0,16,2,0,1,0,0,0,0,0,0,301,38,0
1,1,0,1,1,0,0,1,94,1,0,94,112,0,0,1520,0,0,0,0,19,2,0,2,0,0,0,0,0,0,15,8,0
1,1,0,1,0,0,0,1,28,1,0,28,0,0,0,130,0,0,0,0,15,2,0,1,0,0,0,0,0,0,1474,647,0
0,0,0,0,0,0,0,0,0,0,0,0,0,0,0,0,0,0,0,0,16,2,0,1,0,0,0,0,0,0,1228,611,0
1,1,0,1,1,1,0,1,23,3,0,23,76,1,0,298,0,0,0,0,14,2,0,1,0,0,0,0,0,0,659,118,0
1,1,0,1,1,1,0,1,21,2,0,21,77,2,0,447,0,0,0,0,18,2,0,2,0,0,0,0,0,0,2142,46,0
1,1,0,1,1,0,0,1,8,1,0,8,3,0,0,31,0,0,0,0,21,2,0,1,0,0,0,0,0,0,11939,2807,0
1,1,0,1,1,1,0,1,10,2,0,10,26,1,0,122,0,0,0,0,30,2,0,1,0,0,0,0,0,0,3608,1738,0
1,1,0,1,0,0,0,1,4,1,0,4,0,0,0,1,0,0,0,0,18,2,0,1,0,0,0,0,0,0,574,248,0
1,1,0,1,1,1,0,1,21,1,0,21,46,1,0,154,0,0,0,0,19,2,0,1,0,0,0,0,0,0,11245,5168,0
1,1,0,1,1,1,0,1,22,1,0,22,13,1,0,241,0,0,0,0,20,2,0,1,0,0,0,0,0,0,58949,19317,0
1,0,0,1,1,0,0,1,8,0,0,8,17,0,0,317,0,0,0,0,15,2,0,1,0,0,0,0,0,0,5685,61,0
1,1,0,1,1,1,0,1,16,1,0,16,39,1,0,99,0,0,0,0,21,2,0,1,0,0,0,0,0,0,7489,5627,0
1,1,0,1,1,1,0,1,20,2,0,20,160,1,0,241,0,0,0,0,17,2,0,1,0,0,0,0,0,0,1200,1407,0
1,1,0,1,1,1,0,1,53,5,0,53,36,3,0,90,0,0,0,0,30,2,0,2,0,0,0,0,0,0,9311,227,0
1,1,0,1,1,0,0,1,26,2,0,26,21,0,0,184,0,0,0,0,17,2,0,1,0,0,0,0,0,0,2121,614,0
1,1,0,1,1,1,0,1,24,2,0,24,2,2,0,92,0,0,0,0,16,2,0,1,0,0,0,0,0,0,4116,6537,0
1,1,0,1,1,1,0,1,36,275,0,36,548,1,0,439,0,0,0,0,20,2,0,1,0,0,0,0,0,0,292,107,0
1,1,0,1,0,0,0,0,5,1,0,5,0,0,0,0,0,0,0,0,19,2,0,2,0,0,0,0,0,0,1537,81,0
0,0,0,0,0,0,0,0,0,0,0,0,0,0,0,0,0,0,0,0,20,2,0,1,0,0,0,0,0,0,1592,565,0
1,1,0,1,1,1,0,1,14,1,0,14,113,2,0,445,0,0,0,0,15,2,0,1,0,0,0,0,0,0,1747,4,0
1,1,0,1,1,1,0,1,15,1,0,15,17,1,0,138,0,0,0,0,17,2,0,2,0,0,0,0,0,0,5786,478,0
1,1,0,1,1,1,0,1,44,5,0,44,40,2,0,436,0,0,0,0,16,2,0,1,0,0,0,0,0,0,91,26,0
1,1,0,1,1,1,0,1,17,1,0,17,28,1,0,116,0,0,0,0,20,2,0,1,0,0,0,0,0,0,660,859,0
1,1,0,1,1,1,0,1,64,1,0,64,39,1,0,139,0,0,0,0,23,2,0,1,0,0,0,0,0,0,515,402,0
1,0,0,1,1,0,0,1,21,0,0,21,16,0,0,51,0,0,0,0,19,2,0,1,0,0,0,0,0,0,844,1013,0
1,1,0,1,0,1,0,1,47,1,0,47,0,1,0,675,0,0,0,0,22,2,0,2,0,0,0,0,0,0,4679,6324,0
1,0,0,1,1,0,0,1,66,0,0,66,109,0,0,555,0,0,0,0,18,2,0,1,0,0,0,0,0,0,1137,340,0
1,1,0,1,1,1,0,1,47,1,0,47,35,1,0,260,0,0,0,0,24,2,0,1,0,0,0,0,0,0,180,151,0
1,1,0,1,1,0,0,1,16,109,0,16,238,0,0,588,0,0,0,0,22,2,0,1,0,0,0,0,0,0,878,320,0
1,1,0,1,1,0,0,1,15,1,0,15,5,0,0,43,0,0,0,0,12,2,0,1,0,0,0,0,0,0,253398,45691,0
1,0,0,1,1,0,0,1,4,0,0,4,53,0,0,119,0,0,0,0,15,2,0,1,0,0,0,0,0,0,18453,485,0
1,0,0,1,1,0,0,1,18,0,0,18,59,0,0,143,0,0,0,0,18,2,0,1,0,0,0,0,0,0,252,58,0
1,0,0,1,1,0,0,1,10,0,0,10,13,0,0,97,0,0,0,0,22,2,0,2,0,0,0,0,0,0,305,171,0
1,0,0,1,1,0,0,1,57,0,0,57,58,0,0,270,0,0,0,0,19,2,0,1,0,0,0,0,0,0,1475,588,0
1,1,0,1,1,0,0,1,40,1,0,40,118,0,0,253,0,0,0,0,19,2,0,2,0,0,0,0,0,0,2506,3228,0
1,0,0,1,1,0,0,1,13,0,0,13,29,0,0,85,0,0,0,0,20,2,0,1,0,0,0,0,0,0,2874,725,0
1,1,0,1,1,0,0,1,23,3,0,23,63,0,0,140,0,0,0,0,21,2,0,1,0,0,0,0,0,0,309,168,0
0,0,0,0,0,0,0,1,0,0,0,0,0,0,0,1,0,0,0,0,15,2,0,1,0,0,0,0,0,0,35696,8091,0
1,1,0,1,1,1,0,1,23,1,0,23,9,1,0,165,0,0,0,0,22,2,0,1,0,0,0,0,0,0,653,316,0
1,1,0,1,1,1,0,1,21,1,0,21,28,1,0,111,0,0,0,0,17,2,0,1,0,0,0,0,0,0,4008,5431,0
1,0,0,1,1,0,0,1,5,0,0,5,3,0,0,50,0,0,0,0,15,2,0,1,0,0,0,0,0,0,621,337,0
1,1,0,1,1,1,0,1,44,4,0,44,59,2,0,191,0,0,0,0,17,2,0,1,0,0,0,0,0,0,95,7,0
1,0,0,1,1,0,0,1,10,0,0,10,286,0,0,423,0,0,0,0,19,2,0,1,0,0,0,0,0,0,263,113,0
1,0,0,1,1,0,0,1,170,0,0,170,3,0,0,88,0,0,0,0,23,2,0,1,0,0,0,0,0,0,378,143,0
1,0,0,1,1,0,0,1,4,0,0,4,1,0,0,12,0,0,0,0,25,2,0,1,0,0,0,0,0,0,275,489,0
1,1,0,1,1,0,0,1,56,1,0,56,34,0,0,392,0,0,0,0,19,2,0,1,0,0,0,0,0,0,1015,305,0
0,0,0,0,0,0,0,1,0,0,0,0,0,0,0,1,0,0,0,0,23,2,0,2,0,0,0,0,0,1,336,95,0
1,1,0,1,1,1,1,1,59,3,0,59,47,1,1,314,0,0,0,0,18,2,0,1,0,0,0,0,0,0,902,19,0
1,1,0,1,1,1,0,1,13,1,0,13,17,1,0,112,0,0,0,0,18,2,0,1,0,0,0,0,0,0,3660,758,0
1,0,0,1,1,0,0,1,1,0,0,1,14,0,0,178,0,0,0,0,22,2,0,1,0,0,0,0,0,0,629,865,0
1,1,0,1,1,0,0,1,15,1,0,15,26,0,0,232,0,0,0,0,15,2,0,1,0,0,0,0,0,0,9484,2822,0
1,1,0,1,0,0,0,1,4,1,0,4,0,0,0,1,0,0,0,0,17,2,0,1,0,0,0,0,0,0,98,85,0
1,1,0,1,1,1,0,1,13,1,0,13,14,1,0,69,0,0,0,0,15,2,0,1,0,0,0,0,0,0,3882,1060,0
1,1,0,1,0,1,0,1,11,2,0,11,0,1,0,105,0,0,0,0,21,2,0,1,0,0,0,0,0,0,116,47,0
1,0,0,1,1,0,0,1,9,0,0,9,1,0,0,7,0,0,0,0,27,2,0,2,0,0,0,0,0,0,1,1,0
1,0,0,1,1,1,0,1,8,0,0,8,7,1,0,29,0,0,0,0,19,2,0,1,0,0,0,0,0,0,96689,55919,0
1,1,0,1,1,1,0,1,8,2,0,8,32,1,0,163,0,0,0,0,22,2,0,1,0,0,0,0,0,0,120,11,0
1,0,0,1,0,0,0,1,28,0,0,28,0,0,0,28,0,0,0,0,18,2,0,1,0,0,0,0,0,0,18,7,0
1,0,0,1,0,0,0,1,14,0,0,14,0,0,0,127,0,0,0,0,17,2,0,1,0,0,0,0,0,0,47,23,0
1,0,0,1,1,1,0,1,8,0,0,8,7,1,0,29,0,0,0,0,16,2,0,1,0,0,0,0,0,0,20,15,0
0,0,0,0,0,0,0,1,0,0,0,0,0,0,0,1,0,0,0,0,15,2,0,1,0,0,0,0,0,0,15451,500,0
1,0,0,1,1,0,0,1,6,0,0,6,1,0,0,28,0,0,0,0,18,2,0,1,0,0,0,0,0,0,1,1,0
1,0,0,1,1,0,0,1,15,0,0,15,37,0,0,112,0,0,0,0,21,2,0,1,0,0,0,0,0,0,56,66,0
1,0,0,1,1,0,0,1,20,0,0,20,3,0,0,386,0,0,0,0,25,2,0,1,0,0,0,0,0,0,271,48,0
1,1,0,1,1,1,0,1,9,1,0,9,61,1,0,278,0,0,0,0,18,2,0,1,0,0,0,0,0,0,603,50,0
1,1,0,1,0,1,0,0,7,2,0,7,0,1,0,0,0,0,0,0,17,2,0,1,0,0,0,0,0,0,69,39,0
1,1,0,1,1,0,0,1,8,1,0,8,2,0,0,6,0,0,0,0,20,2,0,1,0,0,0,0,0,0,816528,87134,0
1,0,0,1,0,0,0,0,15,0,0,15,0,0,0,0,0,0,0,0,21,2,0,1,0,0,0,0,0,0,32,21,0
1,1,0,1,1,1,0,1,34,2,0,34,106,1,0,739,0,0,0,0,21,2,0,1,0,0,0,0,0,0,307,24,0
1,0,0,1,0,0,0,1,1,0,0,1,0,0,0,39,0,0,0,0,16,2,0,1,0,0,0,0,0,0,238,99,0
0,0,0,0,0,0,0,1,0,0,0,0,0,0,0,1,0,0,0,0,23,2,0,2,0,0,0,0,0,1,336,95,0
1,1,0,1,1,1,0,1,21,1,0,21,21,1,0,108,0,0,0,0,21,2,0,1,0,0,0,0,0,0,23,16,0
1,1,0,1,1,0,0,1,10,1,0,10,13,0,0,145,0,0,0,0,18,2,0,1,0,0,0,0,0,0,33,11,0
1,1,0,1,1,1,0,0,9,2,0,9,2,1,0,0,0,0,0,0,28,2,0,1,0,0,0,0,0,0,121,31,0
1,1,0,1,1,1,0,1,33,1,0,33,53,1,0,412,0,0,0,0,26,2,0,1,0,0,0,0,0,0,338,33,0
1,0,0,1,1,0,0,1,16,0,0,16,13,0,0,278,0,0,0,0,17,2,0,1,0,0,0,0,0,0,132,35,0
1,0,0,1,1,0,0,1,12,0,0,12,22,0,0,617,0,3,0,0,22,2,0,1,0,0,0,0,0,0,4181,1621,0
1,1,0,1,1,0,0,1,33,2,0,33,42,0,0,399,0,0,0,0,23,2,0,1,0,0,0,0,0,0,5562,3661,0
1,1,0,1,0,1,0,0,12,1,0,12,0,1,0,0,0,0,0,0,18,2,0,1,0,0,0,0,0,0,557,39,0
1,0,0,1,1,0,0,1,5,0,0,5,1,0,0,154,0,0,0,0,20,2,0,1,0,0,0,0,0,0,169,46,0
1,0,0,1,1,1,0,1,7,0,0,7,1,1,0,60,0,0,0,0,24,2,0,2,0,0,0,0,0,0,10,4,0
1,0,0,1,1,0,0,1,35,0,0,35,26,0,0,43,0,0,0,0,15,2,0,1,0,0,0,0,0,0,1717,47,0
1,1,0,1,1,0,0,1,66,7,0,66,18,0,0,64,0,0,0,0,17,2,0,1,0,0,0,0,0,0,10,4,0
1,1,0,1,1,1,0,1,18,2,0,18,23,1,0,90,0,0,0,0,15,2,0,1,0,0,0,0,0,0,2384,63,0
1,1,0,1,1,0,0,1,15,1,0,15,3,0,0,97,0,0,0,0,20,2,0,1,0,0,0,0,0,0,46,17,0
1,0,0,1,1,0,0,1,6,0,0,6,15,0,0,67,0,0,0,0,19,2,0,1,0,0,0,0,0,0,346,22,0
1,0,0,1,0,0,0,1,2,0,0,2,0,0,0,9,0,0,0,0,21,2,0,1,0,0,0,0,0,0,39,9,0
1,1,0,1,1,1,0,1,28,1,0,28,54,1,0,164,0,3,0,0,15,2,0,1,0,0,0,0,0,0,17,6,0
1,0,0,1,1,0,0,1,13,0,0,13,4,0,0,12,0,0,0,0,22,2,0,1,0,0,0,0,0,0,137,23,0
1,1,0,1,1,1,0,1,89,1,0,89,180,1,0,1120,0,0,0,0,24,2,0,1,0,0,0,0,0,0,373,32,0
1,0,0,1,0,1,0,1,34,0,0,34,0,1,0,12,0,0,0,0,19,2,0,1,0,0,0,0,0,0,2,2,0
0,0,0,0,0,0,0,0,0,0,0,0,0,0,0,0,0,0,0,0,19,2,0,1,0,0,0,0,0,0,123,36,0
1,1,0,1,1,1,0,1,14,3,0,14,102,1,0,1051,0,0,0,0,21,2,0,1,0,0,0,0,0,0,411,42,0
1,0,0,1,1,0,0,1,18,0,0,18,3,0,0,84,0,0,0,0,17,2,0,1,0,0,0,0,0,0,48,29,0
1,0,0,1,1,0,0,1,14,0,0,14,5,0,0,17,0,1,0,0,19,2,0,1,0,0,0,0,0,0,21,13,0
1,0,0,1,1,1,0,1,38,0,0,38,22,2,0,201,0,0,0,0,16,2,0,1,0,0,0,0,0,0,2789,1345,0
1,1,0,1,1,1,0,1,7,2,0,7,12,1,0,20,0,0,0,0,19,2,0,1,0,0,0,0,0,0,6919,409,0
1,0,0,1,1,1,0,1,5,0,0,5,7,1,0,105,0,0,0,0,20,2,0,1,0,0,0,0,0,0,67,27,0
1,0,0,1,1,0,0,1,18,0,0,18,127,0,0,141,0,0,0,0,18,2,0,1,0,0,0,0,0,0,103,105,0
1,1,0,1,1,1,0,1,14,2,0,14,27,1,0,29,0,0,0,0,21,2,0,1,0,0,0,0,0,0,135,45,0
1,0,0,1,1,0,0,1,6,0,0,6,1,0,0,28,0,0,0,0,20,2,0,2,0,0,0,0,0,0,59,4,0
1,0,0,1,1,0,0,1,16,0,0,16,57,0,0,361,0,1,0,0,20,2,0,1,0,0,0,0,0,0,119,6,0
1,1,0,1,0,1,0,1,115,2,0,115,0,1,0,413,0,0,0,0,19,2,0,1,0,0,0,0,0,0,4970,2175,0
1,0,0,1,1,0,0,1,6,0,0,6,1,0,0,125,0,0,0,0,16,2,0,1,0,0,0,0,0,0,287,34,0
1,1,0,1,1,0,0,1,143,1,0,143,114,0,0,233,0,0,0,0,17,2,0,1,0,0,0,0,0,0,53,3,0
0,0,0,0,0,0,0,1,0,0,0,0,0,0,0,1,0,0,0,0,23,2,0,2,0,0,0,0,0,1,336,95,0
1,0,0,1,0,0,0,0,8,0,0,8,0,0,0,0,0,0,0,0,19,2,0,1,0,0,0,0,0,0,246,14,0
1,1,0,1,1,1,1,1,45,4,0,45,19,1,1,142,0,0,0,0,17,2,0,1,0,0,0,0,0,0,2352,210,0
1,1,0,1,1,1,0,1,64,1,0,64,27,1,0,363,0,0,0,0,23,2,0,1,0,0,0,0,0,0,4832,1307,0
0,0,0,0,0,0,0,0,0,0,0,0,0,0,0,0,0,0,0,0,18,2,0,2,0,0,0,0,0,0,38755,2716,0
1,1,0,1,1,1,0,1,41,3,0,41,65,3,0,143,0,0,0,0,19,2,0,2,0,0,0,0,0,0,171859,20505,0
1,1,0,1,1,0,0,1,32,1,0,32,45,0,0,146,0,0,0,0,19,2,0,1,0,0,0,0,0,0,2806,182,0